[{"adm1_code":"COD-1461","Objectid_1":"1100","diss_me":"1461","adm1_cod_1":"COD-1461","iso_3166_2":"CD-","wikipedia":"","iso_a2":"CD","adm0_sr":"1","name":"\u00c9quateur","name_alt":"Equator|Equatorial","name_local":"","type":"Province","type_en":"Province","code_local":"","code_hasc":"CD.EQ","note":"","hasc_maybe":"","region":"","region_cod":"","provnum_ne":"10","gadm_level":"1","check_me":"0","scalerank":"5","datarank":"3","abbrev":"","postal":"EQ","area_sqkm":"0.00000e+000","sameascity":"-99","labelrank":"6","featurecla":"Admin-1 scale rank","name_len":"8","mapcolor9":"4","mapcolor13":"7","fips":"CG02","fips_alt":"","woe_id":"2344978","woe_label":"Equateur, CD, Democratic Republic of Congo","woe_name":"\u00c9quateur","latitude":"1.21836e+000","longitude":"2.04731e+001","sov_a3":"COD","adm0_a3":"COD","adm0_label":"2","admin":"Democratic Republic of the Congo","geonunit":"Democratic Republic of the Congo","gu_a3":"COD","gn_id":"216661","gn_name":"Province de l' Equateur","gns_id":"-2043356","gns_name":"Equateur","gn_level":"1","gn_region":"","gn_a1_code":"CD.02","region_sub":"","sub_code":"","gns_level":"1","gns_lang":"fra","gns_adm1":"CG02","gns_region":"","grouping":"COD"},{"adm1_code":"COD-1559","Objectid_1":"1101","diss_me":"1559","adm1_cod_1":"COD-1559","iso_3166_2":"CD-","wikipedia":"","iso_a2":"CD","adm0_sr":"1","name":"Orientale","name_alt":"Haut-Zaire|Haut-Za\u00efreUpper Zaire","name_local":"","type":"Province","type_en":"Province","code_local":"","code_hasc":"CD.HC","note":"","hasc_maybe":"","region":"","region_cod":"","provnum_ne":"5","gadm_level":"1","check_me":"0","scalerank":"5","datarank":"3","abbrev":"","postal":"HC","area_sqkm":"0.00000e+000","sameascity":"-99","labelrank":"6","featurecla":"Admin-1 scale rank","name_len":"9","mapcolor9":"4","mapcolor13":"7","fips":"CG09","fips_alt":"","woe_id":"2344985","woe_label":"Orientale, CD, Democratic Republic of Congo","woe_name":"Orientale","latitude":"2.40438e+000","longitude":"2.67850e+001","sov_a3":"COD","adm0_a3":"COD","adm0_label":"2","admin":"Democratic Republic of the Congo","geonunit":"Democratic Republic of the Congo","gu_a3":"COD","gn_id":"216139","gn_name":"Province Orientale","gns_id":"-2044138","gns_name":"Orientale","gn_level":"1","gn_region":"","gn_a1_code":"CD.09","region_sub":"","sub_code":"","gns_level":"1","gns_lang":"fra","gns_adm1":"CG09","gns_region":"","grouping":"COD"},{"adm1_code":"COD-1871","Objectid_1":"1698","diss_me":"1871","adm1_cod_1":"COD-1871","iso_3166_2":"CD-","wikipedia":"","iso_a2":"CD","adm0_sr":"1","name":"Bandundu","name_alt":"","name_local":"","type":"Province","type_en":"Province","code_local":"","code_hasc":"CD.BN","note":"","hasc_maybe":"","region":"","region_cod":"","provnum_ne":"7","gadm_level":"1","check_me":"0","scalerank":"5","datarank":"3","abbrev":"","postal":"BN","area_sqkm":"0.00000e+000","sameascity":"6","labelrank":"6","featurecla":"Admin-1 scale rank","name_len":"8","mapcolor9":"4","mapcolor13":"7","fips":"CG01","fips_alt":"","woe_id":"2344977","woe_label":"Bandundu, CD, Democratic Republic of Congo","woe_name":"Bandundu","latitude":"-4.61778e+000","longitude":"1.84474e+001","sov_a3":"COD","adm0_a3":"COD","adm0_label":"2","admin":"Democratic Republic of the Congo","geonunit":"Democratic Republic of the Congo","gu_a3":"COD","gn_id":"2317396","gn_name":"Bandundu Province","gns_id":"-2038805","gns_name":"Bandundu, Province de","gn_level":"1","gn_region":"","gn_a1_code":"CD.01","region_sub":"","sub_code":"","gns_level":"1","gns_lang":"fra","gns_adm1":"CG01","gns_region":"","grouping":"COD"},{"adm1_code":"COD-1872","Objectid_1":"1699","diss_me":"1872","adm1_cod_1":"COD-1872","iso_3166_2":"CD-","wikipedia":"","iso_a2":"CD","adm0_sr":"1","name":"Kasa\u00ef-Occidental","name_alt":"Kasai West|West Kasai|West Kassai","name_local":"","type":"Province","type_en":"Province","code_local":"","code_hasc":"CD.KC","note":"","hasc_maybe":"","region":"","region_cod":"","provnum_ne":"3","gadm_level":"1","check_me":"0","scalerank":"5","datarank":"3","abbrev":"","postal":"KC","area_sqkm":"0.00000e+000","sameascity":"-99","labelrank":"6","featurecla":"Admin-1 scale rank","name_len":"16","mapcolor9":"4","mapcolor13":"7","fips":"CG03","fips_alt":"","woe_id":"2344979","woe_label":"Kasai-Occidental, CD, Democratic Republic of Congo","woe_name":"Kasa\u00ef-Occidental","latitude":"-4.87578e+000","longitude":"2.17144e+001","sov_a3":"COD","adm0_a3":"COD","adm0_label":"2","admin":"Democratic Republic of the Congo","geonunit":"Democratic Republic of the Congo","gu_a3":"COD","gn_id":"214139","gn_name":"Province du Kasai-Occidental","gns_id":"-2046898","gns_name":"Kasai-Occidental","gn_level":"1","gn_region":"","gn_a1_code":"CD.03","region_sub":"","sub_code":"","gns_level":"1","gns_lang":"fra","gns_adm1":"CG03","gns_region":"","grouping":"COD"},{"adm1_code":"COD-1883","Objectid_1":"1652","diss_me":"1883","adm1_cod_1":"COD-1883","iso_3166_2":"CD-","wikipedia":"","iso_a2":"CD","adm0_sr":"5","name":"Bas-Congo","name_alt":"Bas-Zaire|Bas-Za\u00efre|Kongo-Central|Lower Zaire","name_local":"","type":"Province","type_en":"Province","code_local":"","code_hasc":"CD.BC","note":"","hasc_maybe":"","region":"","region_cod":"","provnum_ne":"1","gadm_level":"1","check_me":"0","scalerank":"5","datarank":"3","abbrev":"","postal":"BC","area_sqkm":"0.00000e+000","sameascity":"-99","labelrank":"6","featurecla":"Admin-1 scale rank","name_len":"9","mapcolor9":"4","mapcolor13":"7","fips":"CG08","fips_alt":"","woe_id":"2344984","woe_label":"Bas-Congo, CD, Democratic Republic of Congo","woe_name":"Bas-Congo","latitude":"-5.31907e+000","longitude":"1.42052e+001","sov_a3":"COD","adm0_a3":"COD","adm0_label":"2","admin":"Democratic Republic of the Congo","geonunit":"Democratic Republic of the Congo","gu_a3":"COD","gn_id":"2317277","gn_name":"Province du Bas-Congo","gns_id":"-2039131","gns_name":"Bas-Congo","gn_level":"1","gn_region":"","gn_a1_code":"CD.08","region_sub":"","sub_code":"","gns_level":"1","gns_lang":"fra","gns_adm1":"CG08","gns_region":"","grouping":"COD"},{"adm1_code":"COD-1884","Objectid_1":"1692","diss_me":"1884","adm1_cod_1":"COD-1884","iso_3166_2":"CD-","wikipedia":"","iso_a2":"CD","adm0_sr":"1","name":"Kinshasa City","name_alt":"Kinshasa|L\u00e9opoldville","name_local":"","type":"Neutral City","type_en":"Neutral City","code_local":"","code_hasc":"CD.KN","note":"","hasc_maybe":"","region":"","region_cod":"","provnum_ne":"11","gadm_level":"1","check_me":"0","scalerank":"5","datarank":"3","abbrev":"","postal":"KN","area_sqkm":"0.00000e+000","sameascity":"9","labelrank":"6","featurecla":"Admin-1 scale rank","name_len":"13","mapcolor9":"4","mapcolor13":"7","fips":"CG06","fips_alt":"","woe_id":"2344982","woe_label":"Kinshasa, CD, Democratic Republic of Congo","woe_name":"Kinshasa City","latitude":"-4.49522e+000","longitude":"1.58492e+001","sov_a3":"COD","adm0_a3":"COD","adm0_label":"2","admin":"Democratic Republic of the Congo","geonunit":"Democratic Republic of the Congo","gu_a3":"COD","gn_id":"2314300","gn_name":"Kinshasa City","gns_id":"-2049113","gns_name":"Kinshasa","gn_level":"1","gn_region":"","gn_a1_code":"CD.06","region_sub":"","sub_code":"","gns_level":"1","gns_lang":"fra","gns_adm1":"CG06","gns_region":"","grouping":"COD"},{"adm1_code":"COD-1894","Objectid_1":"1693","diss_me":"1894","adm1_cod_1":"COD-1894","iso_3166_2":"CD-","wikipedia":"","iso_a2":"CD","adm0_sr":"1","name":"Sud-Kivu","name_alt":"Sud-Kivou|Sud Kivou|Sud Kivu","name_local":"","type":"Province","type_en":"Province","code_local":"","code_hasc":"CD.KV","note":"","hasc_maybe":"","region":"","region_cod":"ZAR-KIV","provnum_ne":"4","gadm_level":"1","check_me":"12","scalerank":"5","datarank":"3","abbrev":"","postal":"KV","area_sqkm":"0.00000e+000","sameascity":"-99","labelrank":"6","featurecla":"Admin-1 scale rank","name_len":"8","mapcolor9":"4","mapcolor13":"7","fips":"CG12","fips_alt":"","woe_id":"20069829","woe_label":"South Kivu, CD, Democratic Republic of Congo","woe_name":"Sud-Kivu","latitude":"-3.10474e+000","longitude":"2.81159e+001","sov_a3":"COD","adm0_a3":"COD","adm0_label":"2","admin":"Democratic Republic of the Congo","geonunit":"Democratic Republic of the Congo","gu_a3":"COD","gn_id":"205413","gn_name":"South Kivu Province","gns_id":"-2060236","gns_name":"Sud-Kivu","gn_level":"1","gn_region":"","gn_a1_code":"CD.12","region_sub":"","sub_code":"CG07","gns_level":"1","gns_lang":"fra","gns_adm1":"CG12","gns_region":"","grouping":"COD"},{"adm1_code":"COD-1895","Objectid_1":"1694","diss_me":"1895","adm1_cod_1":"COD-1895","iso_3166_2":"CD-","wikipedia":"","iso_a2":"CD","adm0_sr":"1","name":"Maniema","name_alt":"","name_local":"","type":"Province","type_en":"Province","code_local":"","code_hasc":"CD.","note":"","hasc_maybe":"","region":"","region_cod":"","provnum_ne":"8","gadm_level":"1","check_me":"12","scalerank":"5","datarank":"3","abbrev":"","postal":"","area_sqkm":"0.00000e+000","sameascity":"-99","labelrank":"6","featurecla":"Admin-1 scale rank","name_len":"7","mapcolor9":"4","mapcolor13":"7","fips":"","fips_alt":"","woe_id":"20069831","woe_label":"Maniema, CD, Democratic Republic of Congo","woe_name":"Maniema","latitude":"-3.26017e+000","longitude":"2.60336e+001","sov_a3":"COD","adm0_a3":"COD","adm0_label":"2","admin":"Democratic Republic of the Congo","geonunit":"Democratic Republic of the Congo","gu_a3":"COD","gn_id":"209610","gn_name":"Province du Maniema","gns_id":"-2053849","gns_name":"Maniema","gn_level":"1","gn_region":"","gn_a1_code":"CD.10","region_sub":"","sub_code":"","gns_level":"1","gns_lang":"fra","gns_adm1":"CG10","gns_region":"","grouping":"COD"},{"adm1_code":"COD-1896","Objectid_1":"1695","diss_me":"1896","adm1_cod_1":"COD-1896","iso_3166_2":"CD-","wikipedia":"","iso_a2":"CD","adm0_sr":"1","name":"Kasa\u00ef-Oriental","name_alt":"East Kasai|Kasai East","name_local":"","type":"Province","type_en":"Province","code_local":"","code_hasc":"CD.KR","note":"","hasc_maybe":"","region":"","region_cod":"","provnum_ne":"9","gadm_level":"1","check_me":"0","scalerank":"5","datarank":"3","abbrev":"","postal":"KR","area_sqkm":"0.00000e+000","sameascity":"-99","labelrank":"6","featurecla":"Admin-1 scale rank","name_len":"14","mapcolor9":"4","mapcolor13":"7","fips":"CG04","fips_alt":"","woe_id":"2344980","woe_label":"Kasai-Oriental, CD, Democratic Republic of Congo","woe_name":"Kasa\u00ef-Oriental","latitude":"-4.40511e+000","longitude":"2.40842e+001","sov_a3":"COD","adm0_a3":"COD","adm0_label":"2","admin":"Democratic Republic of the Congo","geonunit":"Democratic Republic of the Congo","gu_a3":"COD","gn_id":"214138","gn_name":"Province du Kasai-Oriental","gns_id":"-2046899","gns_name":"Kasai-Oriental","gn_level":"1","gn_region":"","gn_a1_code":"CD.04","region_sub":"","sub_code":"","gns_level":"1","gns_lang":"fra","gns_adm1":"CG04","gns_region":"","grouping":"COD"},{"adm1_code":"COD-1897","Objectid_1":"1696","diss_me":"1897","adm1_cod_1":"COD-1897","iso_3166_2":"CD-","wikipedia":"","iso_a2":"CD","adm0_sr":"1","name":"Katanga","name_alt":"Shaba","name_local":"","type":"Province","type_en":"Province","code_local":"","code_hasc":"CD.KT","note":"","hasc_maybe":"","region":"","region_cod":"","provnum_ne":"2","gadm_level":"1","check_me":"0","scalerank":"5","datarank":"3","abbrev":"","postal":"KT","area_sqkm":"0.00000e+000","sameascity":"-99","labelrank":"6","featurecla":"Admin-1 scale rank","name_len":"7","mapcolor9":"4","mapcolor13":"7","fips":"CG05","fips_alt":"","woe_id":"2344981","woe_label":"Katanga, CD, Democratic Republic of Congo","woe_name":"Katanga","latitude":"-8.48374e+000","longitude":"2.62512e+001","sov_a3":"COD","adm0_a3":"COD","adm0_label":"2","admin":"Democratic Republic of the Congo","geonunit":"Democratic Republic of the Congo","gu_a3":"COD","gn_id":"205703","gn_name":"Katanga Province","gns_id":"-2059752","gns_name":"Katanga","gn_level":"1","gn_region":"","gn_a1_code":"CD.05","region_sub":"","sub_code":"","gns_level":"1","gns_lang":"fra","gns_adm1":"CG05","gns_region":"","grouping":"COD"},{"adm1_code":"COD-1898","Objectid_1":"1697","diss_me":"1898","adm1_cod_1":"COD-1898","iso_3166_2":"CD-","wikipedia":"","iso_a2":"CD","adm0_sr":"1","name":"Nord-Kivu","name_alt":"","name_local":"","type":"Province","type_en":"Province","code_local":"","code_hasc":"CD.","note":"","hasc_maybe":"","region":"","region_cod":"","provnum_ne":"6","gadm_level":"1","check_me":"12","scalerank":"5","datarank":"3","abbrev":"","postal":"","area_sqkm":"0.00000e+000","sameascity":"-99","labelrank":"6","featurecla":"Admin-1 scale rank","name_len":"9","mapcolor9":"4","mapcolor13":"7","fips":"CG11","fips_alt":"","woe_id":"20069830","woe_label":"North Kivu, CD, Democratic Republic of Congo","woe_name":"Nord-Kivu","latitude":"-6.59128e-001","longitude":"2.85939e+001","sov_a3":"COD","adm0_a3":"COD","adm0_label":"2","admin":"Democratic Republic of the Congo","geonunit":"Democratic Republic of the Congo","gu_a3":"COD","gn_id":"206938","gn_name":"Province du Nord-Kivu","gns_id":"-2057962","gns_name":"Nord-Kivu","gn_level":"1","gn_region":"","gn_a1_code":"CD.11","region_sub":"","sub_code":"","gns_level":"1","gns_lang":"fra","gns_adm1":"CG11","gns_region":"","grouping":"COD"}]